author, title, et, in, qui, non, is, hic, quod, ego, sed, de, ut, ad, ille, si, ab, cum, quis, suus, ipse, quam, meus, quia, nec, nos, noster, que, sibi, pro, enim, vel, ex, autem, ne, per, aut, tamen, iam, quo, quidem, sic, iste, alius, nisi, super, etiam, tam, ergo, ubi, sicut, nunc, sine, nam, ita, magis, vero, apud, bene, tantus, inter, immo, propter, quippe, quoque, idem, ac, solum, denique, quoniam, talis, adhuc, quantus, atque, quomodo, etsi, unde, tamquam, ante, utique, contra, nullus, igitur, certe, aliquis, dum, semper, videlicet, quidam, siquidem, quisquis, sub, satis, quantum, usque, numquid, neque, an, minus, post, quasi, unquam, iuxta, verum, itaque, pote, secundum, multum, quando, alter, ibi, tunc, sane, uterque, nemo, omnino, profecto, sive, nonne, prius, porro, ample, alioqui, vere, utinam, libenter, interim, donec, numquam, cito, nimirum, cur, plane, absque, quatenus, ceterum, proinde, longe, pariter, at, facile, inde, simul, ubique, ideo, tandem, iterum, coram, rursus, huiusmodi, parve, quisque, 
1, in_1, 118, 38, 71, 82, 22, 22, 36, 34, 32, 33, 26, 21, 19, 33, 17, 21, 28, 13, 11, 24, 26, 12, 19, 5, 3, 11, 13, 12, 8, 12, 6, 8, 9, 9, 2, 0, 11, 12, 7, 3, 0, 11, 2, 3, 3, 2, 3, 7, 5, 5, 4, 3, 3, 9, 5, 3, 3, 5, 2, 0, 2, 5, 2, 0, 3, 3, 7, 3, 5, 4, 4, 1, 4, 2, 3, 3, 5, 4, 3, 0, 1, 2, 2, 1, 1, 4, 1, 1, 1, 0, 6, 3, 1, 3, 1, 5, 1, 5, 0, 2, 1, 1, 2, 2, 0, 3, 2, 0, 0, 1, 0, 0, 1, 0, 1, 3, 0, 0, 0, 2, 2, 2, 2, 2, 0, 0, 0, 0, 1, 11, 0, 3, 0, 0, 0, 0, 0, 3, 1, 0, 1, 0, 0, 1, 1, 1, 3, 2, 0, 1, 
1, in_2, 82, 47, 90, 95, 24, 23, 29, 46, 34, 38, 17, 37, 38, 40, 22, 33, 33, 28, 9, 20, 25, 15, 3, 2, 3, 11, 17, 6, 6, 9, 5, 2, 13, 2, 12, 10, 9, 8, 4, 8, 2, 8, 3, 3, 3, 8, 9, 8, 3, 1, 3, 7, 2, 6, 5, 1, 5, 3, 1, 2, 4, 1, 2, 2, 5, 1, 2, 0, 4, 3, 3, 0, 6, 6, 5, 1, 2, 2, 3, 3, 1, 3, 1, 5, 0, 0, 1, 1, 4, 3, 1, 0, 1, 5, 0, 2, 3, 0, 1, 2, 1, 0, 1, 2, 0, 0, 0, 5, 1, 0, 0, 5, 1, 1, 0, 3, 0, 1, 0, 0, 1, 0, 1, 1, 0, 0, 0, 2, 0, 3, 0, 2, 1, 0, 0, 0, 2, 3, 0, 6, 4, 0, 1, 1, 2, 0, 0, 0, 0, 1, 
1, in_3, 131, 66, 65, 65, 24, 33, 47, 45, 27, 31, 23, 22, 29, 22, 17, 24, 29, 22, 29, 16, 11, 7, 11, 16, 11, 14, 27, 6, 8, 11, 12, 11, 7, 7, 8, 12, 10, 9, 9, 6, 2, 9, 7, 2, 7, 10, 5, 9, 4, 2, 10, 5, 2, 3, 5, 2, 2, 2, 5, 0, 3, 7, 7, 2, 3, 3, 2, 7, 4, 5, 3, 1, 1, 6, 3, 2, 2, 8, 0, 6, 0, 5, 2, 1, 0, 4, 2, 3, 0, 2, 0, 2, 0, 2, 1, 5, 3, 0, 2, 6, 0, 2, 3, 2, 0, 1, 3, 0, 3, 3, 1, 1, 1, 2, 3, 7, 2, 6, 2, 0, 2, 0, 1, 0, 3, 0, 1, 1, 1, 0, 1, 4, 2, 1, 1, 0, 0, 2, 1, 0, 2, 0, 1, 0, 0, 0, 2, 1, 1, 3, 
1, in_4, 98, 59, 66, 83, 24, 29, 38, 26, 48, 25, 25, 23, 26, 23, 18, 31, 17, 12, 18, 16, 16, 15, 15, 10, 2, 18, 27, 15, 8, 7, 8, 7, 5, 5, 9, 10, 8, 6, 12, 6, 4, 2, 7, 2, 9, 1, 5, 7, 6, 4, 14, 6, 6, 4, 9, 4, 2, 8, 4, 1, 12, 5, 3, 2, 3, 4, 5, 2, 5, 3, 2, 0, 2, 5, 3, 5, 1, 2, 0, 2, 1, 3, 2, 4, 3, 2, 7, 4, 1, 6, 3, 2, 5, 2, 0, 0, 0, 1, 4, 2, 0, 0, 5, 3, 6, 2, 2, 2, 1, 8, 3, 1, 5, 0, 4, 3, 0, 4, 2, 1, 3, 3, 3, 2, 0, 1, 5, 1, 1, 1, 2, 1, 0, 1, 2, 1, 0, 1, 1, 0, 1, 0, 4, 2, 1, 0, 1, 0, 1, 2, 
1, in_5, 101, 54, 42, 83, 27, 39, 55, 38, 45, 34, 33, 17, 18, 38, 23, 14, 15, 18, 28, 14, 11, 17, 24, 34, 9, 12, 14, 7, 7, 13, 11, 8, 9, 6, 4, 15, 13, 6, 16, 4, 2, 8, 7, 5, 13, 6, 9, 4, 2, 3, 5, 4, 8, 3, 3, 6, 5, 9, 6, 2, 1, 4, 3, 3, 4, 6, 1, 1, 2, 6, 4, 1, 4, 5, 4, 0, 4, 7, 2, 4, 2, 3, 1, 7, 1, 6, 3, 1, 1, 1, 1, 4, 3, 1, 2, 2, 2, 2, 2, 4, 1, 1, 6, 2, 1, 1, 5, 2, 3, 0, 1, 1, 0, 1, 1, 2, 0, 4, 1, 0, 3, 3, 1, 1, 3, 0, 0, 1, 3, 2, 2, 2, 1, 0, 0, 1, 0, 1, 0, 3, 3, 0, 1, 2, 1, 0, 2, 2, 0, 2, 
1, in_6, 127, 69, 82, 59, 17, 25, 36, 45, 36, 19, 31, 16, 21, 20, 14, 21, 23, 14, 21, 16, 11, 4, 10, 8, 11, 28, 8, 8, 11, 6, 8, 8, 4, 7, 6, 9, 11, 9, 9, 10, 5, 1, 4, 8, 8, 7, 7, 7, 2, 3, 7, 5, 9, 7, 6, 1, 2, 5, 2, 4, 2, 10, 4, 6, 8, 5, 4, 4, 2, 3, 1, 5, 2, 3, 2, 5, 1, 2, 4, 4, 3, 2, 2, 3, 1, 1, 2, 3, 0, 0, 5, 3, 1, 0, 0, 2, 0, 0, 1, 2, 2, 3, 0, 2, 0, 1, 1, 0, 1, 1, 4, 1, 1, 1, 2, 3, 0, 2, 2, 2, 2, 1, 0, 0, 1, 0, 0, 1, 1, 0, 2, 1, 1, 2, 2, 3, 3, 1, 2, 1, 2, 2, 0, 1, 0, 0, 1, 1, 0, 3, 
1, in_7, 102, 43, 50, 88, 23, 12, 50, 44, 35, 31, 24, 19, 25, 31, 25, 23, 25, 18, 16, 29, 18, 15, 9, 16, 13, 25, 13, 15, 12, 15, 16, 11, 5, 10, 18, 11, 12, 9, 9, 8, 4, 6, 12, 1, 8, 4, 5, 6, 2, 8, 5, 3, 6, 12, 8, 3, 0, 3, 0, 4, 4, 5, 2, 2, 6, 3, 4, 3, 1, 2, 3, 1, 8, 2, 5, 2, 0, 5, 4, 1, 0, 4, 1, 4, 3, 4, 1, 4, 2, 3, 3, 7, 1, 2, 4, 1, 9, 2, 0, 5, 0, 3, 2, 2, 1, 10, 5, 0, 1, 3, 2, 2, 4, 3, 1, 0, 0, 1, 0, 2, 0, 0, 0, 1, 1, 1, 1, 0, 0, 1, 1, 1, 3, 1, 0, 0, 0, 0, 2, 0, 0, 0, 2, 0, 0, 0, 0, 1, 1, 3, 
1, in_8, 74, 46, 61, 80, 17, 39, 64, 47, 52, 24, 33, 24, 20, 30, 19, 12, 24, 5, 13, 23, 19, 10, 15, 8, 7, 18, 19, 6, 8, 32, 6, 16, 17, 9, 7, 10, 12, 11, 14, 4, 0, 16, 0, 2, 14, 10, 9, 8, 7, 9, 2, 13, 4, 6, 3, 3, 2, 5, 2, 2, 7, 6, 8, 3, 3, 3, 2, 2, 5, 3, 3, 1, 2, 3, 4, 3, 2, 1, 1, 2, 1, 4, 3, 8, 8, 2, 3, 4, 1, 3, 5, 6, 1, 1, 1, 8, 1, 2, 1, 3, 4, 1, 4, 3, 4, 0, 3, 1, 0, 1, 0, 0, 0, 2, 1, 0, 0, 3, 1, 1, 0, 3, 0, 0, 2, 1, 1, 0, 0, 0, 0, 0, 2, 0, 0, 0, 1, 0, 1, 2, 0, 0, 0, 0, 0, 0, 1, 1, 1, 1, 
1, in_9, 128, 53, 71, 66, 23, 32, 27, 23, 33, 34, 29, 19, 20, 28, 26, 18, 24, 25, 22, 23, 6, 10, 21, 13, 6, 13, 10, 8, 11, 9, 13, 8, 10, 2, 14, 5, 9, 9, 8, 6, 6, 2, 7, 7, 6, 2, 9, 3, 0, 2, 1, 5, 3, 1, 5, 2, 4, 4, 2, 1, 6, 7, 3, 2, 2, 2, 1, 1, 1, 3, 4, 2, 4, 1, 2, 4, 3, 5, 2, 0, 2, 3, 1, 2, 3, 8, 0, 5, 1, 1, 1, 3, 0, 2, 2, 2, 3, 2, 1, 3, 0, 3, 2, 2, 1, 5, 1, 0, 2, 0, 2, 4, 3, 1, 1, 1, 0, 2, 1, 3, 3, 1, 1, 2, 1, 1, 1, 2, 1, 1, 2, 1, 3, 1, 3, 0, 1, 3, 1, 0, 3, 1, 2, 0, 1, 1, 2, 0, 1, 0, 
1, in_10, 121, 86, 65, 61, 34, 29, 36, 26, 19, 27, 19, 26, 17, 26, 26, 22, 30, 32, 27, 15, 17, 19, 7, 7, 6, 13, 17, 10, 9, 0, 16, 10, 4, 8, 6, 7, 12, 3, 4, 3, 4, 5, 12, 7, 10, 1, 5, 0, 3, 2, 7, 7, 1, 6, 1, 0, 0, 4, 2, 3, 4, 6, 3, 4, 5, 4, 6, 4, 0, 5, 3, 6, 2, 0, 5, 4, 0, 4, 0, 1, 3, 1, 2, 7, 2, 3, 2, 4, 1, 1, 0, 0, 1, 0, 1, 6, 0, 0, 2, 8, 0, 2, 3, 4, 0, 7, 1, 1, 2, 2, 6, 1, 1, 1, 2, 0, 2, 0, 2, 1, 1, 3, 1, 1, 3, 0, 0, 0, 3, 3, 2, 1, 1, 3, 2, 1, 0, 1, 2, 0, 2, 0, 0, 1, 0, 0, 3, 1, 1, 4, 
1, in_11, 132, 78, 61, 59, 16, 25, 30, 11, 29, 33, 20, 14, 22, 19, 20, 24, 17, 16, 16, 17, 3, 13, 28, 12, 11, 17, 13, 4, 10, 11, 12, 7, 3, 5, 10, 7, 13, 4, 6, 6, 5, 8, 4, 4, 4, 5, 5, 3, 5, 8, 4, 5, 5, 2, 3, 2, 1, 7, 4, 1, 1, 6, 4, 4, 2, 1, 8, 1, 2, 3, 2, 2, 2, 2, 3, 5, 3, 1, 0, 6, 1, 1, 0, 1, 1, 0, 2, 6, 1, 4, 2, 0, 1, 2, 1, 1, 1, 2, 0, 2, 3, 4, 2, 1, 1, 2, 2, 0, 2, 1, 5, 1, 3, 1, 1, 1, 1, 1, 3, 0, 1, 4, 1, 5, 0, 0, 1, 3, 4, 1, 0, 1, 1, 1, 0, 0, 1, 3, 1, 0, 1, 0, 0, 1, 0, 0, 2, 2, 0, 1, 
1, in_12, 160, 69, 55, 64, 35, 16, 22, 7, 26, 20, 21, 17, 26, 21, 19, 23, 25, 40, 19, 14, 7, 6, 20, 5, 5, 19, 20, 14, 9, 10, 6, 7, 7, 6, 4, 9, 8, 7, 9, 4, 8, 3, 9, 4, 3, 7, 4, 4, 7, 6, 3, 6, 8, 6, 4, 2, 3, 6, 3, 3, 1, 4, 2, 5, 1, 2, 7, 3, 3, 1, 2, 3, 3, 6, 2, 3, 3, 1, 3, 1, 1, 6, 4, 2, 0, 2, 3, 1, 2, 0, 1, 0, 0, 6, 1, 2, 4, 1, 1, 2, 3, 4, 3, 0, 2, 1, 0, 1, 1, 2, 6, 2, 3, 1, 5, 1, 3, 3, 2, 0, 1, 0, 0, 1, 4, 2, 1, 2, 2, 0, 2, 0, 0, 4, 2, 1, 1, 1, 2, 2, 1, 1, 0, 3, 1, 2, 0, 1, 0, 2, 
1, in_13, 141, 62, 53, 64, 33, 27, 37, 36, 32, 19, 25, 31, 19, 36, 14, 26, 30, 16, 6, 11, 12, 10, 20, 5, 13, 15, 13, 13, 9, 5, 9, 6, 6, 5, 12, 4, 4, 6, 6, 8, 5, 3, 4, 6, 9, 4, 1, 1, 1, 4, 4, 3, 4, 5, 2, 5, 7, 2, 3, 2, 0, 5, 2, 1, 4, 5, 3, 4, 1, 0, 2, 3, 2, 1, 1, 0, 1, 3, 0, 4, 2, 2, 1, 1, 6, 2, 0, 3, 0, 0, 2, 0, 3, 1, 0, 0, 1, 3, 0, 1, 2, 3, 2, 2, 1, 1, 0, 0, 1, 0, 1, 1, 2, 2, 3, 1, 1, 0, 1, 3, 1, 0, 0, 3, 2, 0, 0, 1, 0, 1, 2, 2, 2, 0, 1, 2, 0, 0, 2, 1, 0, 0, 0, 1, 1, 1, 2, 1, 0, 1, 
1, in_14, 150, 67, 66, 54, 43, 20, 25, 31, 26, 18, 27, 22, 28, 27, 16, 13, 23, 17, 19, 12, 13, 4, 15, 2, 6, 19, 13, 12, 9, 11, 5, 4, 4, 5, 11, 8, 7, 7, 7, 4, 7, 3, 1, 7, 5, 0, 1, 3, 2, 4, 2, 2, 2, 6, 3, 8, 2, 2, 2, 1, 3, 4, 5, 3, 6, 4, 3, 4, 3, 2, 5, 11, 1, 1, 0, 0, 2, 3, 4, 4, 1, 5, 2, 5, 1, 0, 1, 4, 0, 1, 4, 1, 1, 4, 0, 2, 1, 3, 3, 3, 2, 2, 2, 0, 1, 1, 0, 0, 0, 0, 1, 0, 2, 2, 1, 2, 1, 0, 1, 2, 4, 0, 1, 0, 0, 1, 0, 1, 3, 1, 3, 3, 0, 0, 3, 1, 2, 0, 0, 1, 0, 2, 1, 5, 1, 0, 1, 0, 3, 2, 
1, in_15, 127, 80, 53, 54, 31, 33, 39, 13, 31, 24, 25, 22, 18, 29, 12, 21, 24, 19, 21, 11, 8, 8, 13, 14, 15, 23, 26, 11, 9, 11, 14, 5, 2, 6, 6, 8, 6, 11, 7, 10, 4, 3, 8, 2, 5, 4, 6, 8, 4, 2, 6, 5, 4, 4, 5, 5, 5, 4, 3, 3, 0, 4, 1, 6, 2, 1, 4, 1, 2, 3, 3, 2, 3, 2, 2, 3, 1, 2, 1, 3, 2, 5, 1, 4, 11, 5, 3, 2, 2, 3, 3, 1, 3, 0, 1, 1, 1, 1, 1, 2, 1, 0, 4, 0, 0, 2, 5, 0, 3, 3, 2, 1, 0, 0, 2, 1, 0, 2, 2, 0, 3, 2, 1, 2, 1, 0, 7, 0, 1, 1, 1, 1, 1, 2, 2, 1, 1, 0, 1, 0, 1, 0, 2, 0, 1, 1, 3, 0, 0, 2, 
2, in_1, 107, 60, 61, 95, 18, 35, 39, 19, 26, 24, 19, 21, 31, 25, 18, 27, 18, 14, 18, 11, 3, 5, 28, 12, 16, 15, 20, 4, 10, 25, 12, 11, 11, 9, 17, 12, 14, 9, 17, 9, 2, 5, 6, 0, 8, 11, 7, 5, 1, 3, 7, 8, 3, 3, 6, 4, 7, 3, 4, 3, 7, 8, 5, 1, 6, 4, 1, 4, 6, 2, 2, 1, 2, 1, 2, 4, 2, 4, 5, 3, 4, 2, 1, 3, 1, 6, 9, 2, 0, 2, 5, 5, 1, 1, 0, 3, 0, 2, 1, 2, 0, 2, 2, 4, 0, 1, 0, 0, 1, 0, 1, 0, 0, 3, 2, 0, 0, 1, 2, 0, 2, 1, 1, 0, 1, 1, 1, 1, 3, 0, 2, 2, 1, 0, 1, 0, 2, 1, 0, 0, 0, 0, 1, 1, 0, 0, 2, 5, 0, 2, 
2, in_2, 110, 61, 66, 94, 30, 27, 39, 31, 29, 19, 21, 23, 42, 36, 21, 19, 29, 17, 22, 13, 13, 19, 8, 3, 5, 13, 14, 6, 8, 12, 9, 8, 10, 3, 12, 7, 7, 6, 12, 11, 5, 7, 4, 1, 11, 6, 13, 10, 3, 5, 7, 5, 7, 3, 4, 2, 2, 3, 1, 1, 4, 6, 5, 3, 1, 4, 6, 3, 6, 0, 1, 1, 6, 1, 1, 1, 1, 1, 2, 2, 4, 2, 0, 3, 6, 4, 2, 3, 3, 2, 2, 1, 1, 3, 0, 5, 1, 1, 2, 2, 5, 3, 4, 5, 1, 1, 3, 2, 5, 0, 0, 1, 2, 0, 3, 2, 5, 0, 2, 0, 5, 2, 0, 0, 0, 2, 2, 1, 2, 2, 0, 1, 1, 2, 1, 1, 0, 0, 0, 0, 1, 2, 1, 0, 2, 1, 0, 2, 0, 2, 
2, in_3, 134, 69, 69, 75, 37, 31, 45, 56, 43, 33, 41, 21, 19, 24, 8, 22, 25, 26, 13, 19, 12, 16, 6, 9, 17, 21, 8, 11, 11, 11, 13, 8, 7, 13, 7, 12, 13, 10, 7, 9, 3, 5, 11, 4, 1, 0, 6, 4, 6, 5, 1, 8, 4, 3, 2, 4, 2, 2, 2, 2, 0, 3, 4, 1, 2, 3, 3, 1, 3, 4, 1, 0, 4, 3, 3, 4, 3, 5, 3, 2, 2, 2, 6, 2, 5, 10, 2, 5, 2, 1, 1, 1, 0, 1, 2, 4, 3, 1, 1, 1, 0, 4, 2, 2, 0, 0, 6, 0, 0, 3, 1, 0, 2, 4, 2, 4, 0, 0, 2, 2, 0, 3, 1, 1, 5, 0, 1, 0, 3, 1, 1, 1, 1, 0, 1, 0, 2, 0, 2, 1, 1, 0, 3, 0, 0, 2, 0, 0, 1, 0, 
2, in_4, 132, 66, 45, 58, 26, 45, 44, 41, 27, 36, 36, 22, 28, 40, 17, 16, 20, 17, 18, 24, 10, 9, 14, 19, 21, 12, 5, 19, 11, 12, 14, 9, 19, 6, 9, 9, 12, 8, 11, 9, 3, 7, 2, 6, 1, 8, 4, 3, 6, 7, 2, 5, 7, 4, 4, 2, 6, 3, 4, 2, 2, 3, 5, 5, 3, 4, 2, 2, 3, 2, 2, 3, 2, 1, 0, 1, 3, 6, 3, 3, 1, 4, 3, 3, 4, 1, 3, 4, 0, 4, 2, 6, 1, 2, 0, 2, 2, 2, 1, 0, 3, 1, 2, 5, 1, 2, 1, 0, 0, 5, 0, 0, 2, 1, 2, 3, 1, 0, 0, 1, 2, 1, 1, 3, 0, 0, 1, 2, 1, 1, 0, 1, 2, 2, 0, 0, 1, 0, 0, 0, 1, 0, 0, 1, 1, 0, 2, 2, 1, 1, 
2, in_5, 132, 55, 49, 61, 38, 34, 45, 31, 23, 33, 33, 26, 15, 31, 10, 19, 23, 22, 23, 10, 13, 9, 11, 12, 26, 19, 13, 28, 2, 7, 7, 6, 7, 13, 9, 6, 11, 8, 17, 3, 1, 9, 5, 4, 7, 16, 3, 4, 4, 5, 2, 1, 4, 7, 4, 5, 5, 5, 1, 5, 5, 5, 4, 11, 4, 1, 3, 3, 3, 1, 3, 5, 0, 2, 4, 1, 2, 6, 1, 7, 0, 5, 2, 2, 0, 6, 1, 3, 2, 0, 5, 5, 1, 1, 0, 6, 2, 0, 3, 1, 3, 1, 3, 4, 0, 1, 2, 2, 0, 2, 1, 0, 0, 3, 1, 2, 0, 2, 1, 2, 1, 0, 3, 1, 2, 0, 1, 2, 2, 1, 0, 0, 8, 2, 1, 1, 2, 3, 4, 0, 1, 0, 0, 2, 1, 0, 4, 1, 3, 1, 
2, in_6, 105, 64, 71, 58, 43, 33, 35, 26, 22, 31, 33, 23, 31, 32, 19, 21, 18, 25, 29, 18, 10, 7, 6, 22, 18, 10, 18, 27, 5, 8, 5, 5, 11, 9, 15, 11, 11, 6, 5, 9, 4, 6, 10, 8, 7, 3, 4, 2, 6, 9, 4, 4, 2, 3, 1, 3, 1, 7, 4, 6, 0, 5, 3, 7, 4, 3, 0, 3, 5, 4, 1, 6, 0, 4, 5, 2, 1, 7, 1, 2, 1, 5, 6, 2, 0, 10, 5, 2, 2, 3, 2, 2, 1, 2, 2, 0, 1, 2, 6, 0, 2, 4, 1, 1, 1, 2, 1, 1, 1, 1, 1, 0, 2, 1, 1, 0, 0, 2, 1, 0, 2, 2, 1, 4, 0, 0, 2, 4, 0, 1, 1, 2, 5, 1, 0, 2, 1, 2, 1, 0, 1, 0, 1, 1, 1, 0, 1, 2, 0, 0, 
2, in_7, 109, 57, 62, 65, 31, 34, 46, 57, 29, 35, 32, 32, 22, 28, 21, 18, 13, 17, 26, 22, 10, 15, 22, 15, 25, 19, 13, 15, 5, 8, 13, 15, 7, 7, 14, 8, 10, 10, 11, 5, 1, 4, 5, 6, 4, 10, 4, 1, 3, 6, 6, 5, 3, 5, 6, 2, 3, 6, 2, 5, 5, 6, 2, 4, 9, 2, 1, 3, 2, 1, 4, 5, 3, 5, 7, 4, 4, 3, 1, 3, 2, 6, 1, 3, 0, 5, 0, 4, 4, 2, 2, 4, 2, 1, 2, 3, 7, 2, 3, 2, 4, 4, 4, 3, 1, 4, 1, 6, 0, 0, 0, 1, 4, 3, 1, 2, 0, 3, 2, 1, 1, 1, 1, 2, 2, 2, 0, 1, 3, 1, 0, 2, 4, 3, 0, 0, 1, 1, 0, 2, 0, 0, 0, 2, 1, 0, 3, 2, 0, 1, 
2, in_8, 114, 73, 52, 69, 30, 35, 31, 21, 31, 16, 24, 23, 29, 30, 17, 33, 11, 16, 20, 23, 10, 14, 13, 25, 12, 19, 9, 22, 7, 12, 9, 9, 4, 9, 4, 6, 11, 11, 14, 4, 5, 5, 2, 5, 4, 9, 3, 2, 6, 6, 4, 2, 5, 2, 3, 3, 3, 0, 1, 4, 5, 6, 3, 4, 7, 5, 7, 4, 3, 1, 0, 1, 2, 4, 7, 3, 1, 2, 0, 2, 1, 5, 0, 3, 1, 2, 3, 5, 1, 2, 3, 0, 0, 1, 3, 3, 2, 4, 0, 1, 0, 2, 4, 2, 1, 1, 2, 0, 5, 2, 3, 1, 1, 0, 3, 4, 0, 1, 2, 1, 3, 0, 1, 1, 2, 1, 0, 1, 3, 4, 3, 2, 0, 2, 5, 1, 2, 1, 1, 1, 1, 0, 3, 0, 0, 1, 0, 0, 2, 2, 
2, in_9, 128, 74, 51, 65, 26, 24, 28, 54, 20, 30, 35, 26, 19, 33, 17, 18, 18, 17, 17, 17, 11, 13, 7, 13, 13, 11, 8, 6, 8, 5, 7, 8, 3, 5, 6, 5, 4, 9, 9, 4, 4, 0, 7, 9, 1, 5, 9, 10, 4, 12, 2, 6, 5, 1, 3, 5, 3, 6, 0, 3, 0, 4, 1, 1, 4, 1, 2, 3, 4, 1, 3, 6, 4, 4, 5, 6, 1, 2, 0, 1, 1, 4, 0, 0, 0, 0, 0, 1, 3, 0, 2, 5, 0, 0, 1, 0, 2, 2, 2, 0, 1, 2, 2, 2, 1, 2, 1, 3, 3, 1, 1, 0, 4, 2, 0, 3, 0, 0, 0, 1, 0, 0, 2, 1, 1, 2, 1, 2, 3, 1, 1, 1, 2, 3, 2, 0, 0, 3, 2, 1, 1, 1, 0, 2, 1, 2, 4, 1, 1, 0, 
2, in_10, 158, 88, 75, 50, 23, 35, 25, 48, 17, 32, 34, 32, 27, 20, 20, 22, 13, 15, 23, 20, 34, 11, 4, 9, 19, 14, 11, 15, 7, 4, 4, 9, 4, 12, 3, 5, 1, 5, 4, 4, 7, 5, 4, 8, 6, 1, 5, 0, 7, 4, 1, 4, 4, 5, 4, 5, 5, 3, 8, 2, 1, 3, 2, 1, 3, 3, 2, 2, 3, 4, 4, 5, 0, 1, 3, 4, 4, 2, 0, 0, 0, 2, 0, 3, 1, 1, 0, 4, 0, 4, 2, 4, 7, 0, 1, 1, 0, 0, 0, 3, 4, 1, 2, 0, 4, 2, 1, 0, 0, 1, 2, 0, 0, 0, 3, 0, 4, 0, 1, 1, 0, 3, 2, 0, 3, 0, 2, 2, 0, 0, 2, 3, 1, 3, 0, 1, 2, 0, 1, 1, 1, 2, 3, 0, 1, 0, 0, 1, 1, 0, 
2, in_11, 138, 50, 44, 70, 27, 25, 40, 33, 34, 22, 34, 20, 19, 29, 20, 18, 22, 12, 13, 16, 20, 5, 12, 15, 14, 21, 12, 6, 7, 5, 3, 6, 13, 9, 8, 5, 5, 5, 6, 6, 4, 12, 8, 10, 2, 10, 2, 9, 5, 5, 3, 6, 8, 5, 2, 4, 2, 3, 2, 1, 2, 1, 4, 4, 3, 1, 3, 3, 2, 3, 3, 4, 1, 3, 1, 0, 2, 3, 6, 6, 0, 4, 1, 3, 2, 4, 2, 4, 4, 0, 3, 0, 0, 0, 2, 0, 2, 2, 1, 5, 2, 2, 2, 3, 0, 1, 7, 0, 1, 4, 3, 1, 1, 1, 1, 0, 0, 1, 1, 0, 1, 0, 3, 1, 4, 0, 0, 4, 3, 2, 3, 2, 2, 3, 2, 1, 3, 0, 0, 2, 1, 1, 1, 1, 2, 1, 0, 0, 4, 0, 
2, in_12, 114, 62, 56, 68, 36, 32, 35, 49, 26, 41, 28, 15, 22, 22, 22, 14, 24, 19, 23, 19, 25, 4, 18, 4, 9, 20, 9, 9, 10, 7, 10, 9, 6, 8, 10, 13, 12, 12, 6, 5, 6, 6, 5, 7, 7, 9, 4, 4, 4, 2, 1, 6, 3, 3, 4, 5, 1, 1, 6, 3, 3, 2, 2, 3, 6, 2, 6, 6, 5, 3, 1, 6, 3, 4, 4, 5, 5, 2, 4, 2, 2, 3, 1, 1, 0, 1, 2, 3, 2, 0, 1, 0, 1, 2, 0, 5, 2, 3, 1, 1, 1, 2, 2, 4, 0, 1, 2, 0, 0, 0, 5, 0, 1, 4, 2, 2, 4, 1, 0, 1, 2, 0, 0, 1, 0, 0, 0, 0, 2, 1, 1, 6, 2, 1, 1, 2, 0, 3, 3, 1, 1, 0, 0, 1, 0, 0, 0, 1, 3, 0, 
2, in_13, 142, 62, 51, 74, 25, 42, 25, 28, 44, 36, 19, 34, 28, 28, 19, 14, 20, 13, 14, 23, 21, 11, 18, 12, 13, 15, 9, 17, 2, 5, 9, 11, 5, 10, 3, 7, 5, 3, 5, 6, 5, 4, 4, 6, 6, 6, 3, 2, 4, 2, 1, 2, 5, 7, 0, 5, 4, 1, 2, 4, 2, 6, 5, 1, 4, 2, 3, 4, 2, 4, 2, 5, 5, 2, 1, 4, 0, 1, 4, 1, 1, 5, 1, 2, 1, 3, 1, 4, 1, 2, 3, 2, 2, 3, 1, 1, 1, 1, 1, 1, 1, 5, 4, 1, 5, 3, 1, 1, 1, 0, 1, 1, 4, 1, 1, 3, 0, 0, 2, 2, 0, 1, 1, 1, 2, 2, 1, 0, 2, 1, 1, 0, 0, 1, 0, 0, 0, 0, 0, 3, 0, 1, 3, 0, 4, 1, 1, 0, 1, 0, 
2, in_14, 163, 84, 54, 51, 48, 16, 23, 27, 28, 58, 19, 31, 30, 15, 26, 27, 17, 33, 16, 12, 5, 10, 18, 5, 2, 7, 23, 9, 9, 2, 4, 8, 13, 7, 7, 4, 8, 4, 4, 2, 1, 8, 5, 7, 7, 7, 5, 2, 6, 3, 7, 5, 5, 5, 0, 7, 6, 2, 2, 3, 1, 1, 1, 0, 4, 0, 5, 2, 2, 5, 5, 4, 3, 0, 3, 1, 2, 2, 4, 0, 0, 2, 3, 3, 0, 1, 3, 3, 3, 1, 1, 0, 8, 0, 3, 4, 4, 4, 2, 2, 3, 2, 2, 2, 0, 2, 1, 1, 1, 1, 0, 0, 0, 1, 0, 2, 2, 1, 1, 1, 1, 0, 3, 0, 0, 1, 0, 0, 1, 0, 0, 0, 0, 0, 0, 0, 3, 0, 2, 1, 0, 1, 2, 1, 2, 1, 2, 0, 0, 0, 
2, in_15, 127, 60, 62, 71, 44, 36, 44, 20, 25, 34, 29, 38, 33, 32, 19, 5, 18, 20, 12, 11, 22, 12, 22, 9, 13, 11, 10, 8, 5, 8, 13, 9, 11, 10, 11, 5, 5, 7, 6, 5, 4, 6, 3, 8, 4, 6, 6, 0, 3, 5, 5, 10, 4, 6, 7, 3, 3, 2, 4, 1, 5, 1, 2, 1, 0, 0, 3, 2, 3, 4, 2, 5, 2, 4, 3, 1, 1, 3, 0, 4, 1, 4, 0, 3, 1, 2, 1, 0, 3, 2, 5, 1, 2, 4, 3, 1, 0, 2, 3, 2, 0, 3, 3, 0, 1, 1, 2, 3, 4, 1, 3, 1, 0, 1, 3, 0, 0, 1, 0, 0, 2, 1, 0, 1, 1, 0, 0, 2, 1, 0, 2, 2, 0, 2, 1, 1, 0, 0, 5, 1, 0, 1, 0, 1, 1, 0, 0, 1, 0, 0, 
2, in_16, 160, 76, 73, 67, 45, 33, 42, 36, 27, 20, 31, 26, 24, 32, 22, 12, 23, 20, 26, 9, 34, 13, 10, 9, 8, 15, 5, 8, 8, 3, 3, 7, 6, 6, 3, 4, 8, 5, 7, 1, 5, 4, 2, 9, 5, 9, 1, 4, 5, 6, 2, 10, 2, 4, 1, 7, 3, 2, 3, 3, 4, 1, 2, 2, 2, 6, 3, 5, 5, 3, 3, 4, 3, 2, 0, 2, 1, 1, 3, 1, 0, 1, 3, 2, 0, 2, 1, 1, 2, 1, 1, 2, 0, 2, 2, 2, 1, 2, 2, 0, 2, 1, 1, 2, 1, 1, 1, 0, 0, 4, 3, 0, 1, 1, 1, 1, 1, 0, 2, 0, 1, 1, 0, 1, 0, 0, 0, 2, 0, 1, 1, 2, 3, 1, 3, 0, 1, 1, 2, 3, 1, 0, 1, 1, 1, 0, 5, 0, 1, 0, 
2, in_17, 149, 46, 55, 61, 43, 29, 44, 25, 24, 29, 26, 23, 24, 33, 21, 18, 20, 29, 19, 11, 9, 6, 15, 17, 8, 19, 20, 21, 12, 2, 2, 6, 3, 9, 8, 4, 8, 10, 10, 2, 7, 12, 6, 5, 5, 2, 3, 1, 9, 7, 3, 7, 10, 6, 3, 7, 0, 0, 7, 1, 2, 0, 5, 1, 0, 1, 4, 4, 4, 12, 0, 7, 6, 1, 1, 1, 0, 2, 13, 0, 0, 0, 1, 0, 2, 0, 0, 2, 5, 0, 2, 1, 2, 2, 1, 2, 1, 1, 2, 4, 3, 4, 1, 1, 3, 2, 1, 0, 1, 2, 2, 0, 1, 5, 2, 4, 6, 0, 1, 0, 0, 0, 1, 0, 0, 4, 1, 1, 1, 1, 2, 1, 0, 2, 1, 0, 1, 2, 0, 0, 0, 2, 1, 1, 3, 2, 1, 1, 2, 0, 
2, in_18, 129, 67, 46, 86, 34, 38, 46, 44, 26, 24, 32, 29, 26, 31, 21, 13, 22, 15, 20, 16, 23, 12, 9, 14, 5, 13, 11, 9, 14, 12, 14, 6, 12, 4, 11, 4, 10, 8, 6, 6, 7, 2, 12, 2, 5, 8, 3, 2, 3, 6, 3, 11, 10, 7, 1, 1, 4, 4, 2, 6, 2, 3, 3, 2, 1, 1, 0, 2, 0, 5, 7, 3, 6, 7, 2, 1, 4, 3, 7, 2, 0, 0, 2, 1, 0, 2, 2, 1, 2, 0, 2, 1, 1, 0, 2, 3, 3, 1, 1, 0, 0, 3, 2, 3, 3, 1, 2, 3, 0, 3, 3, 0, 1, 1, 2, 0, 0, 1, 3, 2, 2, 0, 5, 2, 2, 2, 0, 0, 2, 3, 2, 0, 0, 1, 1, 0, 1, 5, 0, 0, 1, 3, 1, 2, 1, 1, 1, 0, 1, 0, 
2, in_19, 134, 97, 66, 61, 52, 29, 23, 18, 37, 32, 29, 30, 25, 27, 23, 14, 28, 25, 22, 11, 9, 10, 9, 8, 17, 9, 6, 10, 16, 5, 9, 3, 6, 11, 2, 7, 10, 8, 2, 8, 6, 3, 5, 9, 8, 3, 7, 5, 7, 3, 2, 5, 3, 3, 1, 1, 3, 3, 3, 2, 0, 1, 4, 1, 1, 3, 3, 2, 6, 3, 1, 1, 1, 2, 1, 2, 7, 0, 3, 2, 2, 1, 1, 0, 3, 0, 4, 2, 1, 1, 0, 1, 1, 2, 2, 1, 1, 4, 3, 3, 0, 1, 2, 2, 1, 1, 1, 0, 0, 2, 1, 0, 0, 4, 2, 0, 4, 2, 2, 0, 3, 2, 1, 0, 0, 0, 1, 0, 4, 4, 2, 2, 0, 2, 2, 1, 0, 0, 0, 1, 0, 1, 0, 0, 0, 0, 0, 1, 0, 0, 
2, in_20, 130, 86, 65, 51, 35, 35, 24, 19, 26, 26, 18, 35, 19, 20, 37, 12, 21, 26, 18, 10, 17, 10, 17, 8, 6, 17, 16, 14, 6, 13, 5, 6, 7, 10, 8, 5, 5, 4, 6, 6, 6, 3, 4, 6, 10, 3, 10, 2, 7, 10, 6, 5, 6, 2, 1, 5, 0, 2, 1, 0, 1, 2, 4, 2, 4, 3, 4, 2, 4, 2, 3, 6, 7, 1, 0, 4, 4, 2, 6, 2, 0, 2, 0, 4, 0, 0, 0, 2, 3, 3, 1, 1, 2, 3, 4, 2, 0, 3, 3, 3, 1, 3, 2, 1, 2, 1, 0, 5, 0, 2, 1, 1, 0, 3, 2, 1, 8, 0, 1, 0, 1, 0, 0, 0, 1, 1, 1, 1, 1, 2, 1, 1, 0, 0, 3, 1, 5, 0, 0, 0, 3, 3, 0, 1, 0, 0, 0, 1, 1, 2, 
2, in_21, 115, 59, 50, 92, 51, 43, 43, 43, 32, 34, 32, 21, 17, 36, 27, 13, 22, 11, 18, 13, 18, 12, 15, 5, 9, 14, 16, 14, 9, 8, 11, 6, 19, 8, 7, 7, 8, 6, 9, 3, 6, 6, 6, 2, 6, 7, 6, 4, 4, 5, 1, 6, 6, 4, 3, 2, 3, 5, 0, 3, 2, 1, 2, 2, 4, 2, 0, 1, 3, 5, 4, 4, 0, 3, 4, 0, 4, 3, 4, 2, 0, 4, 7, 3, 6, 0, 2, 2, 3, 0, 3, 5, 0, 3, 2, 3, 4, 2, 1, 0, 0, 1, 2, 2, 2, 1, 0, 0, 0, 0, 2, 0, 0, 2, 2, 5, 0, 0, 5, 1, 1, 0, 0, 0, 0, 0, 0, 1, 2, 2, 3, 1, 0, 1, 3, 0, 0, 1, 2, 1, 2, 1, 0, 0, 2, 2, 0, 0, 3, 1, 
2, in_22, 118, 56, 49, 85, 46, 30, 39, 43, 44, 33, 25, 20, 29, 24, 26, 15, 18, 21, 16, 18, 13, 11, 28, 31, 18, 9, 11, 9, 2, 15, 3, 15, 6, 6, 6, 4, 8, 4, 14, 8, 6, 9, 8, 6, 10, 9, 3, 8, 4, 7, 4, 4, 9, 5, 7, 3, 4, 3, 4, 1, 3, 0, 6, 4, 3, 4, 4, 4, 2, 6, 0, 4, 2, 7, 4, 3, 4, 1, 2, 4, 0, 2, 1, 2, 2, 1, 4, 2, 6, 0, 2, 1, 6, 2, 3, 2, 2, 3, 5, 2, 3, 0, 1, 4, 1, 2, 1, 3, 4, 2, 3, 3, 3, 1, 1, 4, 1, 0, 2, 1, 1, 0, 2, 0, 1, 2, 1, 0, 0, 1, 3, 0, 0, 1, 0, 1, 2, 4, 0, 0, 0, 0, 1, 3, 3, 0, 1, 0, 1, 0, 
2, in_23, 129, 57, 57, 92, 47, 27, 37, 42, 31, 30, 32, 23, 21, 25, 29, 16, 15, 13, 15, 16, 15, 19, 14, 22, 19, 13, 14, 17, 8, 8, 6, 8, 12, 16, 0, 4, 10, 6, 5, 8, 5, 14, 6, 6, 2, 8, 3, 2, 2, 6, 4, 7, 6, 3, 3, 6, 6, 3, 0, 4, 4, 0, 2, 2, 3, 1, 3, 3, 2, 7, 0, 2, 6, 4, 2, 1, 2, 2, 2, 3, 1, 3, 1, 2, 2, 0, 2, 0, 0, 0, 7, 2, 6, 0, 6, 3, 6, 1, 2, 2, 1, 2, 3, 1, 3, 2, 0, 1, 0, 0, 2, 0, 0, 4, 0, 1, 2, 0, 1, 1, 2, 1, 1, 1, 3, 3, 0, 3, 0, 1, 1, 1, 0, 0, 2, 3, 1, 1, 1, 1, 0, 0, 0, 1, 1, 0, 0, 0, 3, 0, 
2, in_24, 104, 62, 71, 68, 43, 39, 52, 28, 17, 32, 32, 23, 30, 32, 23, 12, 15, 20, 24, 15, 5, 8, 16, 13, 10, 7, 16, 22, 6, 5, 10, 3, 16, 15, 13, 5, 5, 6, 7, 3, 12, 5, 5, 6, 9, 6, 1, 2, 9, 7, 3, 5, 3, 6, 2, 2, 7, 0, 1, 1, 1, 1, 2, 5, 3, 1, 5, 1, 4, 4, 0, 1, 3, 4, 0, 2, 4, 0, 2, 2, 0, 3, 4, 1, 2, 2, 5, 2, 2, 5, 4, 1, 5, 3, 1, 1, 5, 1, 3, 1, 1, 1, 3, 2, 1, 3, 0, 5, 0, 1, 2, 0, 4, 0, 1, 2, 0, 1, 1, 0, 0, 1, 0, 1, 0, 0, 3, 1, 1, 1, 2, 0, 0, 0, 1, 0, 0, 4, 1, 2, 0, 0, 0, 1, 1, 0, 0, 1, 2, 0, 
2, in_25, 162, 63, 53, 67, 51, 28, 26, 37, 21, 36, 35, 26, 25, 38, 26, 8, 15, 29, 31, 18, 18, 20, 10, 20, 17, 8, 13, 22, 11, 2, 8, 9, 8, 10, 5, 7, 9, 7, 4, 9, 5, 3, 4, 9, 2, 4, 2, 3, 2, 4, 4, 5, 6, 5, 0, 4, 13, 2, 2, 5, 3, 3, 6, 2, 1, 0, 0, 2, 6, 1, 1, 1, 1, 6, 2, 3, 2, 1, 3, 7, 0, 2, 3, 0, 1, 2, 1, 0, 1, 5, 4, 1, 1, 2, 1, 2, 4, 1, 3, 1, 1, 0, 1, 0, 5, 3, 1, 7, 3, 2, 2, 1, 0, 1, 2, 2, 0, 0, 1, 0, 2, 2, 3, 3, 0, 2, 0, 0, 0, 0, 0, 0, 0, 2, 0, 2, 2, 0, 1, 1, 0, 2, 0, 1, 3, 5, 1, 0, 0, 1, 
3, ex_1, 100, 73, 52, 52, 47, 34, 52, 16, 24, 38, 18, 21, 17, 34, 17, 20, 19, 19, 20, 16, 7, 10, 6, 13, 12, 15, 10, 9, 9, 8, 7, 5, 8, 4, 17, 10, 8, 10, 6, 3, 4, 5, 8, 1, 3, 7, 6, 2, 3, 2, 5, 3, 0, 7, 8, 2, 4, 4, 0, 4, 5, 4, 6, 1, 5, 2, 5, 1, 2, 2, 5, 3, 1, 3, 4, 0, 0, 1, 5, 4, 2, 3, 1, 4, 3, 3, 7, 3, 4, 0, 2, 1, 0, 1, 3, 3, 5, 4, 3, 2, 4, 4, 3, 1, 0, 1, 4, 2, 0, 0, 3, 0, 1, 2, 0, 5, 0, 3, 1, 0, 2, 1, 0, 1, 2, 0, 0, 1, 2, 3, 0, 1, 2, 2, 1, 0, 1, 1, 0, 2, 5, 1, 0, 0, 0, 0, 1, 1, 2, 1, 
3, ex_2, 117, 57, 59, 62, 30, 34, 47, 12, 36, 39, 24, 15, 19, 32, 23, 26, 34, 17, 19, 18, 3, 8, 13, 22, 23, 16, 19, 18, 12, 9, 13, 7, 5, 7, 13, 7, 8, 4, 5, 8, 3, 9, 5, 9, 7, 8, 2, 7, 7, 4, 4, 4, 6, 3, 4, 6, 8, 4, 2, 3, 1, 2, 3, 7, 5, 3, 1, 1, 2, 5, 2, 0, 2, 0, 0, 4, 4, 3, 5, 0, 4, 2, 1, 3, 4, 4, 1, 3, 1, 4, 3, 2, 1, 0, 2, 1, 2, 1, 1, 3, 1, 0, 1, 1, 0, 2, 3, 1, 1, 3, 2, 2, 1, 0, 2, 0, 0, 2, 1, 1, 3, 2, 1, 1, 1, 2, 0, 2, 1, 0, 1, 3, 2, 4, 0, 1, 1, 0, 2, 0, 2, 1, 1, 2, 0, 2, 0, 0, 0, 3, 
3, ex_3, 127, 62, 72, 63, 46, 31, 33, 36, 25, 40, 32, 33, 14, 26, 21, 22, 21, 29, 19, 14, 11, 9, 19, 16, 11, 15, 13, 12, 7, 10, 4, 11, 7, 3, 10, 5, 5, 5, 6, 6, 2, 9, 1, 4, 5, 5, 4, 2, 1, 5, 5, 4, 3, 4, 5, 2, 1, 2, 6, 0, 2, 2, 1, 0, 4, 2, 1, 0, 6, 1, 3, 2, 0, 6, 2, 2, 1, 3, 1, 0, 2, 4, 2, 0, 1, 1, 1, 4, 1, 1, 2, 6, 2, 1, 3, 1, 1, 2, 1, 1, 4, 2, 2, 2, 2, 1, 1, 2, 1, 2, 2, 1, 3, 3, 1, 3, 1, 1, 3, 2, 1, 3, 2, 1, 1, 1, 1, 3, 2, 0, 1, 0, 0, 1, 2, 0, 1, 1, 1, 0, 3, 0, 0, 0, 1, 0, 0, 1, 0, 0, 
4, ex_1, 162, 88, 60, 48, 69, 17, 28, 17, 28, 42, 32, 24, 17, 16, 31, 29, 10, 42, 7, 18, 9, 8, 1, 6, 15, 9, 7, 15, 7, 7, 4, 9, 3, 8, 2, 5, 9, 6, 5, 5, 9, 3, 6, 2, 1, 2, 2, 0, 9, 9, 3, 3, 1, 3, 6, 4, 3, 3, 2, 5, 2, 1, 0, 2, 3, 0, 3, 3, 3, 2, 3, 4, 7, 0, 3, 6, 2, 0, 4, 3, 4, 1, 4, 0, 2, 0, 0, 2, 0, 2, 1, 1, 2, 2, 2, 0, 1, 1, 1, 0, 1, 1, 0, 2, 4, 0, 1, 0, 0, 0, 0, 0, 1, 1, 0, 0, 0, 4, 1, 3, 1, 0, 0, 0, 0, 1, 0, 1, 0, 0, 0, 0, 1, 0, 0, 0, 1, 0, 1, 0, 0, 0, 0, 0, 0, 1, 0, 0, 0, 0, 
4, ex_2, 141, 82, 61, 61, 57, 21, 31, 17, 36, 32, 27, 42, 22, 26, 19, 29, 13, 27, 12, 8, 14, 12, 18, 7, 10, 1, 8, 14, 15, 8, 9, 7, 9, 5, 3, 5, 7, 8, 0, 1, 17, 2, 9, 2, 4, 1, 3, 5, 5, 1, 4, 1, 4, 1, 3, 7, 3, 2, 4, 2, 1, 0, 0, 0, 2, 2, 2, 8, 2, 2, 0, 0, 0, 2, 0, 3, 0, 1, 2, 2, 6, 0, 0, 0, 1, 0, 0, 2, 0, 3, 2, 1, 2, 0, 3, 0, 1, 0, 2, 1, 2, 3, 2, 1, 2, 1, 3, 0, 0, 1, 0, 1, 1, 2, 0, 0, 0, 0, 1, 0, 1, 0, 0, 0, 2, 2, 0, 3, 0, 0, 1, 0, 0, 1, 0, 1, 1, 0, 0, 0, 0, 0, 0, 1, 0, 1, 0, 0, 1, 0, 
4, ex_3, 150, 108, 66, 43, 49, 17, 26, 11, 24, 25, 34, 26, 32, 23, 14, 17, 17, 15, 13, 16, 2, 13, 13, 33, 29, 3, 11, 11, 17, 1, 6, 4, 10, 9, 5, 6, 12, 15, 6, 7, 4, 1, 6, 4, 2, 5, 9, 6, 5, 2, 2, 3, 5, 7, 1, 8, 7, 3, 1, 7, 3, 5, 6, 1, 1, 1, 2, 10, 1, 4, 2, 1, 0, 4, 2, 9, 1, 0, 0, 0, 1, 5, 4, 1, 2, 0, 1, 2, 1, 2, 2, 2, 0, 0, 2, 1, 4, 2, 4, 4, 0, 0, 2, 1, 4, 0, 0, 0, 1, 1, 2, 0, 2, 2, 1, 1, 2, 2, 1, 2, 1, 0, 0, 0, 0, 0, 0, 1, 2, 0, 1, 0, 2, 0, 3, 3, 3, 0, 2, 0, 0, 1, 1, 0, 0, 0, 0, 1, 1, 1, 
4, ex_4, 135, 81, 61, 66, 45, 19, 26, 14, 32, 38, 32, 20, 30, 22, 14, 27, 14, 19, 14, 18, 8, 8, 10, 18, 16, 19, 8, 7, 7, 10, 7, 7, 7, 3, 9, 10, 5, 9, 8, 3, 2, 4, 4, 4, 4, 2, 6, 3, 6, 0, 7, 6, 2, 2, 1, 2, 2, 4, 4, 8, 1, 1, 1, 1, 5, 3, 5, 4, 2, 3, 7, 0, 2, 1, 4, 2, 0, 2, 0, 1, 4, 2, 8, 0, 0, 0, 7, 1, 2, 5, 6, 4, 0, 2, 1, 1, 1, 1, 4, 2, 2, 4, 2, 4, 0, 2, 0, 2, 1, 0, 1, 2, 0, 0, 1, 0, 2, 0, 0, 1, 0, 0, 4, 3, 0, 0, 3, 0, 0, 5, 1, 2, 2, 2, 1, 0, 0, 0, 0, 1, 1, 2, 4, 0, 1, 4, 0, 0, 2, 0, 
5, ex_1, 135, 75, 64, 39, 47, 29, 24, 24, 31, 23, 36, 22, 22, 33, 29, 15, 17, 22, 16, 17, 18, 11, 14, 9, 14, 7, 13, 18, 16, 5, 5, 11, 10, 10, 13, 7, 4, 6, 8, 4, 2, 2, 4, 7, 5, 9, 7, 10, 7, 9, 6, 2, 2, 8, 3, 5, 5, 4, 1, 4, 7, 2, 2, 6, 2, 1, 1, 2, 2, 1, 5, 0, 1, 0, 5, 2, 2, 6, 2, 3, 0, 3, 2, 1, 1, 0, 4, 1, 0, 1, 0, 0, 1, 7, 4, 0, 1, 1, 1, 3, 1, 2, 0, 2, 2, 1, 2, 0, 1, 3, 2, 0, 1, 6, 1, 0, 2, 0, 0, 2, 1, 1, 1, 2, 3, 0, 0, 0, 0, 0, 2, 1, 0, 1, 2, 0, 1, 2, 0, 0, 2, 2, 0, 0, 1, 0, 0, 0, 2, 0, 
5, ex_2, 163, 76, 66, 48, 41, 33, 25, 12, 27, 24, 39, 30, 23, 23, 25, 15, 19, 16, 12, 6, 10, 19, 8, 33, 23, 4, 8, 5, 18, 4, 6, 10, 16, 7, 5, 4, 6, 9, 5, 8, 8, 2, 3, 3, 9, 9, 5, 4, 8, 6, 2, 6, 0, 9, 0, 3, 3, 1, 2, 4, 3, 0, 6, 4, 2, 2, 0, 3, 6, 0, 1, 2, 5, 0, 3, 3, 0, 2, 7, 2, 5, 1, 1, 0, 4, 0, 2, 3, 0, 0, 0, 0, 0, 1, 1, 0, 3, 4, 2, 3, 2, 0, 3, 1, 3, 0, 4, 0, 1, 0, 0, 0, 1, 4, 2, 0, 0, 2, 0, 5, 0, 1, 2, 0, 0, 0, 0, 0, 0, 0, 0, 0, 0, 2, 0, 1, 1, 1, 2, 0, 0, 0, 0, 0, 1, 0, 0, 1, 1, 0, 
5, ex_3, 145, 77, 62, 61, 49, 27, 34, 48, 29, 33, 35, 17, 24, 18, 23, 15, 23, 8, 25, 21, 23, 21, 18, 19, 22, 7, 5, 17, 21, 7, 10, 13, 5, 10, 4, 6, 4, 4, 1, 2, 8, 5, 5, 2, 3, 6, 5, 3, 4, 3, 5, 6, 1, 4, 5, 3, 5, 2, 1, 7, 0, 2, 1, 3, 1, 4, 0, 4, 0, 0, 1, 1, 1, 1, 1, 5, 1, 1, 3, 1, 2, 0, 2, 2, 3, 1, 1, 1, 8, 3, 0, 3, 1, 2, 5, 3, 1, 2, 1, 4, 3, 4, 1, 2, 1, 1, 3, 3, 1, 1, 2, 0, 0, 3, 0, 0, 1, 3, 1, 0, 0, 1, 2, 2, 2, 0, 2, 0, 0, 0, 0, 0, 0, 0, 2, 3, 0, 0, 0, 1, 1, 0, 1, 0, 1, 0, 0, 2, 0, 0, 
5, ex_4, 165, 68, 54, 36, 41, 44, 30, 14, 23, 41, 42, 27, 19, 14, 13, 14, 17, 25, 15, 9, 1, 7, 15, 19, 32, 12, 9, 10, 11, 12, 8, 6, 6, 6, 12, 6, 5, 6, 4, 5, 7, 9, 6, 11, 6, 6, 5, 9, 5, 4, 2, 3, 1, 3, 1, 8, 2, 5, 1, 2, 4, 1, 7, 6, 0, 0, 1, 2, 1, 0, 1, 1, 2, 1, 3, 2, 2, 2, 1, 2, 0, 1, 1, 1, 2, 2, 3, 1, 2, 1, 0, 2, 4, 0, 5, 0, 0, 0, 0, 0, 0, 1, 0, 0, 3, 3, 1, 3, 1, 1, 1, 0, 0, 1, 0, 0, 0, 1, 0, 2, 0, 0, 0, 1, 1, 1, 0, 1, 1, 1, 1, 0, 6, 0, 2, 1, 0, 1, 0, 0, 2, 1, 1, 0, 0, 3, 1, 0, 0, 2, 
n, ep_1, 162, 71, 57, 55, 14, 20, 16, 48, 35, 12, 24, 23, 25, 22, 22, 16, 18, 14, 6, 13, 34, 13, 21, 3, 4, 4, 13, 1, 18, 9, 5, 4, 7, 3, 8, 5, 1, 4, 2, 3, 4, 4, 1, 6, 1, 5, 7, 4, 2, 3, 1, 1, 3, 1, 4, 1, 1, 3, 3, 1, 2, 0, 2, 2, 0, 0, 0, 0, 0, 1, 0, 2, 2, 1, 1, 0, 5, 3, 0, 1, 3, 0, 6, 2, 0, 0, 1, 0, 3, 1, 0, 1, 2, 1, 1, 0, 2, 1, 7, 0, 1, 1, 0, 1, 0, 1, 1, 1, 1, 0, 1, 5, 1, 0, 0, 0, 0, 0, 0, 3, 1, 2, 0, 3, 1, 3, 2, 2, 0, 1, 0, 0, 0, 0, 0, 1, 0, 0, 0, 0, 1, 0, 0, 1, 1, 1, 0, 1, 0, 1, 
n, ep_2, 178, 86, 57, 43, 9, 35, 27, 56, 29, 28, 25, 36, 30, 26, 27, 23, 11, 12, 8, 15, 37, 25, 12, 7, 11, 6, 4, 5, 14, 9, 14, 10, 7, 5, 5, 5, 1, 6, 4, 7, 11, 3, 5, 4, 6, 9, 2, 9, 2, 0, 5, 2, 2, 3, 2, 4, 4, 3, 10, 4, 5, 0, 2, 3, 2, 0, 2, 1, 2, 1, 3, 1, 4, 4, 1, 3, 1, 1, 2, 0, 1, 0, 1, 1, 1, 1, 3, 0, 4, 1, 0, 0, 1, 7, 5, 3, 0, 4, 1, 0, 7, 1, 1, 1, 1, 5, 1, 3, 4, 3, 2, 3, 2, 0, 0, 0, 0, 1, 1, 3, 0, 1, 0, 2, 1, 2, 1, 0, 0, 0, 0, 0, 1, 0, 0, 2, 0, 1, 0, 1, 0, 2, 1, 0, 2, 1, 0, 0, 0, 0, 
n, ep_3, 174, 117, 62, 46, 27, 32, 14, 36, 26, 13, 27, 32, 29, 22, 13, 16, 23, 17, 8, 17, 30, 15, 7, 5, 8, 2, 7, 9, 13, 7, 3, 4, 8, 7, 7, 8, 4, 4, 4, 5, 1, 2, 1, 6, 6, 3, 0, 16, 4, 4, 2, 0, 0, 2, 3, 2, 2, 1, 1, 2, 4, 0, 0, 1, 0, 2, 0, 3, 0, 1, 2, 6, 1, 1, 2, 2, 8, 0, 1, 1, 2, 0, 1, 2, 3, 1, 1, 0, 6, 4, 0, 2, 0, 2, 5, 1, 2, 0, 0, 1, 1, 0, 0, 0, 0, 1, 0, 1, 2, 2, 0, 1, 1, 0, 0, 0, 0, 0, 0, 0, 0, 1, 2, 1, 1, 1, 2, 1, 1, 0, 1, 0, 0, 0, 0, 2, 0, 0, 2, 1, 0, 1, 0, 0, 0, 2, 0, 2, 0, 0, 
n, ep_4, 193, 80, 57, 44, 24, 29, 17, 33, 20, 14, 26, 19, 39, 32, 18, 21, 20, 21, 6, 21, 44, 29, 16, 5, 11, 3, 11, 6, 16, 10, 9, 5, 3, 3, 0, 13, 2, 6, 2, 2, 5, 2, 5, 2, 5, 4, 4, 8, 4, 1, 12, 0, 3, 0, 3, 2, 6, 2, 6, 3, 6, 1, 2, 1, 1, 3, 2, 0, 5, 4, 2, 1, 0, 4, 1, 1, 3, 2, 1, 0, 4, 1, 2, 2, 0, 0, 0, 0, 1, 5, 0, 3, 3, 0, 2, 0, 0, 2, 2, 1, 8, 1, 0, 3, 0, 1, 0, 1, 3, 0, 0, 1, 2, 2, 3, 0, 1, 0, 0, 2, 0, 0, 2, 2, 0, 2, 2, 3, 0, 0, 0, 0, 0, 0, 0, 1, 0, 0, 0, 0, 0, 0, 2, 1, 1, 2, 0, 0, 2, 1, 
n, ep_5, 180, 76, 70, 49, 23, 30, 19, 28, 39, 15, 29, 43, 32, 17, 18, 24, 18, 18, 7, 9, 26, 31, 20, 12, 4, 2, 6, 7, 19, 23, 7, 8, 5, 3, 4, 8, 3, 3, 2, 3, 6, 2, 5, 7, 6, 5, 8, 9, 6, 4, 4, 0, 3, 1, 0, 0, 3, 1, 2, 7, 6, 1, 2, 1, 2, 2, 1, 0, 0, 3, 1, 2, 2, 4, 3, 0, 3, 1, 2, 1, 2, 3, 3, 2, 6, 0, 3, 0, 7, 4, 0, 0, 4, 0, 1, 3, 2, 2, 4, 1, 6, 1, 0, 2, 4, 0, 0, 1, 2, 0, 0, 0, 1, 0, 1, 0, 4, 0, 0, 0, 0, 3, 0, 0, 0, 3, 1, 1, 0, 0, 0, 0, 0, 0, 1, 2, 1, 0, 1, 0, 0, 1, 1, 0, 1, 0, 0, 0, 0, 0, 
n, ep_6, 170, 87, 66, 73, 30, 30, 27, 76, 33, 15, 23, 22, 36, 16, 18, 17, 7, 28, 8, 23, 46, 25, 15, 9, 6, 3, 11, 20, 24, 8, 4, 2, 7, 1, 1, 14, 3, 3, 0, 4, 6, 2, 6, 4, 2, 5, 4, 8, 4, 2, 4, 0, 1, 3, 0, 9, 1, 4, 4, 4, 3, 1, 1, 0, 2, 2, 0, 3, 1, 3, 1, 1, 1, 4, 1, 5, 4, 1, 6, 1, 6, 0, 3, 2, 3, 0, 0, 0, 7, 1, 1, 3, 1, 1, 4, 0, 1, 1, 3, 1, 4, 2, 0, 1, 3, 4, 1, 1, 2, 2, 0, 4, 2, 0, 0, 0, 0, 1, 0, 2, 0, 1, 4, 0, 1, 1, 3, 1, 0, 1, 0, 3, 0, 0, 0, 0, 1, 0, 0, 0, 1, 1, 0, 0, 0, 1, 0, 2, 0, 1, 
n, ep_7, 159, 100, 73, 62, 18, 25, 11, 49, 34, 21, 35, 36, 28, 14, 22, 13, 19, 27, 6, 10, 43, 21, 10, 16, 16, 4, 6, 13, 20, 17, 6, 6, 2, 3, 4, 8, 2, 7, 1, 5, 7, 5, 9, 5, 0, 3, 2, 3, 7, 7, 17, 0, 0, 2, 1, 2, 6, 6, 6, 5, 6, 0, 0, 1, 1, 4, 0, 2, 1, 2, 2, 1, 1, 1, 0, 2, 0, 0, 1, 1, 3, 0, 3, 3, 3, 0, 1, 0, 3, 4, 1, 5, 5, 1, 1, 0, 2, 1, 1, 2, 2, 0, 0, 0, 3, 1, 0, 0, 2, 1, 0, 2, 3, 0, 0, 0, 2, 0, 2, 1, 0, 2, 2, 1, 1, 0, 4, 2, 0, 0, 0, 0, 1, 0, 1, 0, 1, 0, 0, 2, 0, 1, 0, 2, 0, 1, 0, 0, 1, 0, 
n, sm_1, 129, 117, 56, 31, 24, 52, 12, 3, 16, 22, 18, 26, 45, 8, 19, 25, 14, 20, 15, 12, 8, 9, 11, 9, 13, 3, 4, 1, 14, 13, 14, 6, 4, 8, 1, 4, 2, 5, 1, 6, 7, 1, 2, 10, 2, 3, 3, 5, 2, 1, 2, 1, 0, 1, 2, 0, 0, 2, 2, 0, 3, 0, 0, 5, 1, 2, 4, 1, 2, 0, 8, 0, 0, 0, 4, 0, 3, 4, 0, 0, 8, 0, 2, 0, 1, 0, 1, 1, 1, 1, 0, 1, 2, 0, 1, 0, 1, 5, 0, 1, 1, 3, 1, 1, 1, 1, 0, 0, 2, 3, 0, 4, 2, 0, 0, 0, 2, 1, 0, 0, 0, 0, 0, 0, 0, 0, 1, 1, 0, 0, 0, 0, 0, 0, 0, 1, 1, 0, 1, 1, 0, 2, 0, 0, 0, 0, 0, 1, 0, 0, 
n, sm_2, 155, 72, 85, 41, 27, 35, 9, 4, 19, 18, 13, 33, 38, 4, 24, 34, 17, 19, 13, 9, 6, 16, 20, 24, 26, 5, 6, 7, 11, 12, 2, 16, 3, 3, 2, 3, 2, 4, 2, 4, 7, 2, 4, 3, 5, 1, 10, 6, 9, 1, 0, 1, 5, 0, 4, 2, 1, 1, 3, 3, 2, 0, 0, 2, 0, 3, 2, 4, 0, 1, 2, 2, 1, 1, 0, 1, 4, 0, 0, 1, 5, 0, 2, 1, 1, 1, 0, 0, 2, 5, 0, 0, 4, 3, 3, 1, 0, 1, 1, 1, 1, 0, 0, 0, 2, 0, 1, 1, 5, 2, 0, 3, 0, 0, 1, 0, 0, 1, 3, 0, 0, 0, 1, 0, 1, 1, 0, 0, 0, 0, 0, 0, 0, 0, 0, 1, 0, 0, 0, 0, 0, 0, 2, 1, 1, 1, 0, 0, 0, 0, 
n, sm_3, 162, 67, 91, 54, 25, 37, 15, 18, 20, 17, 18, 47, 27, 21, 20, 22, 14, 15, 12, 12, 20, 27, 12, 12, 11, 4, 5, 7, 9, 20, 8, 15, 3, 13, 6, 7, 0, 2, 0, 9, 10, 3, 7, 8, 6, 0, 5, 1, 4, 5, 4, 0, 4, 3, 4, 1, 0, 1, 2, 3, 1, 1, 0, 2, 0, 3, 1, 2, 0, 0, 3, 2, 1, 1, 2, 0, 1, 0, 3, 1, 10, 0, 2, 2, 3, 4, 3, 0, 2, 4, 1, 1, 1, 5, 1, 0, 2, 0, 1, 0, 1, 1, 0, 0, 1, 2, 0, 2, 1, 0, 0, 1, 1, 1, 1, 1, 3, 2, 0, 3, 0, 0, 0, 2, 1, 1, 3, 0, 0, 0, 0, 0, 0, 0, 0, 0, 0, 1, 0, 0, 0, 6, 0, 0, 0, 4, 0, 2, 0, 0, 
n, sm_4, 163, 96, 87, 34, 28, 45, 15, 4, 16, 25, 39, 41, 33, 10, 13, 12, 15, 13, 10, 18, 12, 21, 13, 8, 6, 4, 13, 10, 13, 10, 3, 12, 9, 12, 0, 4, 5, 1, 2, 5, 7, 6, 2, 3, 2, 2, 7, 3, 3, 2, 7, 2, 2, 1, 4, 0, 1, 2, 2, 1, 1, 0, 0, 1, 0, 3, 1, 1, 0, 0, 1, 2, 0, 0, 2, 3, 1, 0, 0, 5, 6, 0, 3, 3, 1, 1, 1, 0, 1, 3, 0, 4, 1, 3, 1, 0, 2, 3, 1, 1, 3, 1, 1, 0, 1, 0, 1, 4, 6, 1, 0, 2, 0, 0, 0, 0, 2, 0, 0, 2, 0, 2, 0, 0, 0, 2, 0, 1, 0, 0, 1, 0, 0, 0, 0, 0, 1, 0, 0, 1, 0, 1, 1, 1, 1, 1, 0, 0, 0, 0, 
n, sm_5, 140, 96, 60, 43, 27, 34, 12, 9, 19, 55, 17, 35, 37, 7, 26, 15, 21, 13, 19, 5, 11, 31, 5, 16, 9, 3, 7, 0, 9, 9, 8, 5, 0, 20, 2, 6, 5, 5, 4, 7, 8, 11, 9, 8, 6, 1, 2, 6, 8, 11, 2, 0, 3, 1, 3, 1, 0, 1, 2, 1, 2, 4, 3, 4, 1, 2, 2, 3, 0, 1, 0, 1, 1, 2, 5, 0, 0, 0, 2, 3, 6, 0, 4, 0, 4, 0, 0, 1, 1, 1, 3, 0, 3, 7, 1, 0, 0, 1, 2, 0, 2, 3, 0, 0, 2, 0, 1, 1, 4, 1, 1, 3, 1, 1, 0, 0, 0, 1, 0, 1, 0, 0, 1, 0, 0, 1, 1, 1, 0, 0, 0, 0, 0, 0, 0, 4, 0, 0, 0, 3, 0, 0, 0, 2, 0, 1, 0, 0, 0, 1, 
n, sm_6, 159, 116, 55, 32, 21, 30, 25, 17, 19, 41, 23, 42, 31, 19, 29, 33, 18, 16, 6, 15, 11, 15, 4, 11, 15, 1, 14, 1, 12, 7, 4, 4, 2, 7, 9, 1, 1, 7, 4, 7, 11, 13, 6, 4, 2, 1, 2, 1, 6, 1, 0, 0, 4, 1, 1, 0, 3, 0, 5, 1, 1, 1, 1, 2, 2, 2, 0, 0, 2, 0, 0, 1, 3, 0, 2, 1, 0, 0, 0, 4, 1, 0, 4, 1, 2, 2, 2, 1, 1, 5, 1, 0, 1, 0, 1, 0, 0, 2, 2, 0, 1, 0, 0, 0, 0, 0, 3, 2, 1, 2, 0, 1, 1, 0, 1, 0, 1, 1, 0, 0, 0, 0, 1, 4, 0, 2, 1, 0, 0, 0, 0, 0, 0, 0, 0, 1, 0, 0, 0, 0, 0, 1, 1, 1, 0, 0, 0, 2, 0, 1, 
n, sm_7, 153, 90, 41, 44, 26, 31, 12, 10, 20, 21, 14, 34, 29, 11, 22, 20, 15, 13, 10, 17, 5, 19, 12, 11, 3, 7, 5, 2, 5, 8, 3, 7, 7, 2, 7, 9, 4, 4, 3, 9, 6, 1, 5, 3, 1, 2, 1, 5, 1, 2, 5, 0, 1, 2, 1, 0, 1, 2, 7, 1, 0, 7, 0, 4, 1, 5, 3, 1, 1, 1, 3, 1, 0, 1, 1, 1, 4, 3, 1, 4, 3, 0, 2, 2, 1, 1, 3, 1, 0, 0, 0, 0, 4, 1, 0, 1, 0, 2, 2, 2, 0, 0, 0, 0, 1, 1, 1, 1, 1, 3, 0, 3, 1, 0, 0, 2, 5, 2, 0, 0, 0, 1, 0, 0, 0, 2, 1, 0, 0, 0, 1, 0, 0, 0, 0, 4, 1, 0, 0, 0, 1, 0, 0, 1, 0, 2, 0, 1, 0, 0, 
n, sm_8, 126, 85, 37, 31, 21, 31, 20, 6, 18, 21, 16, 46, 30, 6, 20, 16, 20, 13, 10, 8, 3, 22, 15, 1, 7, 22, 4, 5, 11, 13, 3, 7, 1, 1, 0, 5, 3, 2, 1, 9, 11, 3, 2, 2, 4, 5, 5, 2, 2, 4, 2, 0, 3, 2, 3, 0, 0, 3, 6, 3, 1, 2, 2, 0, 0, 2, 1, 1, 1, 0, 4, 0, 1, 1, 1, 2, 1, 0, 0, 4, 0, 0, 2, 0, 1, 0, 1, 0, 0, 0, 1, 0, 6, 0, 0, 2, 1, 2, 2, 0, 0, 1, 0, 0, 1, 0, 0, 4, 5, 2, 1, 1, 0, 0, 0, 1, 0, 1, 2, 1, 0, 0, 0, 0, 0, 2, 1, 0, 0, 0, 0, 2, 0, 0, 0, 0, 0, 0, 1, 2, 0, 1, 0, 1, 0, 0, 0, 0, 0, 0, 
n, sm_9, 154, 65, 67, 46, 41, 35, 18, 8, 24, 6, 25, 24, 19, 9, 20, 27, 17, 18, 15, 7, 5, 13, 21, 14, 10, 11, 7, 17, 23, 2, 7, 11, 6, 0, 13, 7, 5, 4, 6, 3, 9, 7, 8, 5, 4, 0, 13, 3, 3, 7, 3, 0, 3, 3, 7, 0, 0, 2, 3, 1, 4, 0, 3, 2, 0, 6, 1, 5, 0, 1, 3, 0, 3, 1, 2, 0, 10, 4, 0, 1, 6, 1, 2, 1, 2, 1, 0, 0, 0, 1, 1, 0, 1, 1, 1, 3, 1, 2, 0, 1, 0, 1, 0, 0, 4, 1, 4, 0, 1, 0, 0, 1, 3, 0, 0, 1, 2, 3, 0, 2, 0, 2, 0, 0, 0, 2, 4, 0, 1, 1, 1, 0, 0, 0, 0, 1, 2, 0, 0, 1, 0, 1, 2, 0, 1, 2, 1, 1, 2, 0, 
n, sm_10, 159, 64, 56, 44, 28, 42, 22, 9, 24, 29, 18, 13, 30, 7, 14, 27, 11, 12, 7, 12, 1, 14, 2, 4, 9, 11, 12, 6, 21, 8, 3, 3, 3, 2, 5, 8, 4, 4, 2, 4, 10, 0, 2, 10, 3, 6, 3, 4, 3, 2, 4, 0, 2, 0, 3, 1, 1, 1, 5, 2, 0, 0, 0, 5, 0, 4, 1, 0, 3, 0, 1, 4, 3, 0, 0, 1, 2, 1, 1, 3, 9, 2, 1, 2, 0, 1, 1, 0, 0, 0, 0, 0, 0, 4, 1, 1, 0, 1, 0, 2, 0, 0, 0, 0, 4, 0, 1, 7, 1, 0, 1, 7, 0, 0, 4, 0, 0, 0, 1, 0, 1, 2, 0, 0, 1, 6, 0, 0, 0, 0, 1, 0, 0, 0, 0, 3, 0, 0, 0, 0, 0, 1, 0, 0, 0, 0, 1, 2, 0, 1, 
n, sm_11, 137, 106, 55, 49, 30, 44, 5, 7, 31, 29, 18, 31, 36, 10, 13, 18, 18, 19, 12, 26, 6, 25, 9, 10, 5, 6, 9, 6, 9, 7, 9, 11, 2, 6, 0, 5, 7, 7, 3, 9, 13, 9, 3, 9, 5, 4, 3, 4, 9, 1, 0, 1, 2, 1, 3, 1, 2, 2, 3, 3, 0, 2, 0, 1, 0, 7, 1, 0, 1, 0, 3, 0, 2, 0, 1, 0, 1, 2, 0, 2, 0, 0, 6, 1, 1, 3, 0, 0, 2, 2, 0, 1, 1, 1, 4, 1, 0, 0, 3, 0, 1, 0, 1, 0, 2, 0, 2, 2, 0, 2, 0, 6, 1, 0, 2, 0, 0, 1, 2, 1, 0, 2, 1, 0, 1, 2, 1, 0, 0, 0, 0, 0, 0, 0, 0, 0, 0, 0, 0, 1, 1, 2, 1, 0, 0, 0, 0, 0, 0, 0, 
n, sm_12, 153, 84, 57, 41, 33, 29, 15, 10, 19, 17, 32, 34, 52, 9, 18, 23, 25, 26, 12, 7, 5, 29, 11, 9, 7, 12, 5, 10, 17, 2, 11, 3, 12, 16, 2, 3, 1, 10, 2, 3, 6, 5, 2, 4, 2, 3, 8, 2, 3, 0, 1, 3, 8, 1, 4, 3, 2, 1, 2, 4, 1, 0, 0, 3, 1, 5, 2, 0, 2, 0, 4, 0, 3, 2, 1, 0, 1, 0, 0, 1, 4, 0, 3, 4, 1, 2, 2, 0, 2, 1, 0, 1, 2, 1, 2, 0, 1, 4, 0, 0, 1, 0, 0, 0, 1, 0, 0, 4, 1, 1, 0, 8, 0, 0, 2, 2, 2, 0, 1, 1, 0, 2, 1, 0, 0, 0, 0, 0, 0, 0, 1, 0, 0, 0, 0, 1, 0, 0, 1, 2, 0, 1, 1, 0, 0, 0, 0, 0, 0, 0, 
